Date,HH,MM,SS,Fc5.[uV],Fc3.[uV],Fc1.[uV],Fcz.[uV],Fc2.[uV],Fc4.[uV],Fc6.[uV],C5..[uV],C3..[uV],C1..[uV],Cz..[uV],C2..[uV],C4..[uV],C6..[uV],Cp5.[uV],Cp3.[uV],Cp1.[uV],Cpz.[uV],Cp2.[uV],Cp4.[uV],Cp6.[uV],Fp1.[uV],Fpz.[uV],Fp2.[uV],Af7.[uV],Af3.[uV],Afz.[uV],Af4.[uV],Af8.[uV],F7..[uV],F5..[uV],F3..[uV],F1..[uV],Fz..[uV],F2..[uV],F4..[uV],F6..[uV],F8..[uV],Ft7.[uV],Ft8.[uV],T7..[uV],T8..[uV],T9..[uV],T10.[uV],Tp7.[uV],Tp8.[uV],P7..[uV],P5..[uV],P3..[uV],P1..[uV],Pz..[uV],P2..[uV],P4..[uV],P6..[uV],P8..[uV],Po7.[uV],Po3.[uV],Poz.[uV],Po4.[uV],Po8.[uV],O1..[uV],Oz..[uV],O2..[uV],Iz..[uV]
12/08/2009,16,15,0,-16,-29,2,22,-12,-23,-46,-36,-26,-18,-4,-4,-20,-22,-33,-39,-23,-12,-16,-27,-25,-49,-44,-29,-73,-67,-41,-39,-62,-39,-42,-16,-36,-38,-46,-60,-69,-25,-47,-80,-71,-32,-52,1,-58,-30,-56,-43,-12,-18,-31,-26,-37,-33,-30,-56,-52,-35,-22,-33,-53,-21,-11,15
12/08/2009,16,15,0.00625,-56,-54,-27,-4,-31,-36,-56,-75,-55,-43,-26,-23,-28,-22,-45,-54,-40,-25,-24,-32,-24,-28,-52,-39,-67,-65,-48,-48,-68,-47,-34,-15,-44,-45,-49,-63,-69,-24,-74,-70,-65,-21,-49,-4,-36,-26,-37,-27,4,-6,-21,-15,-25,-20,-20,-35,-29,-18,-3,-9,-53,-12,1,21
12/08/2009,16,15,0.0125,-55,-55,-29,-5,-29,-34,-52,-53,-42,-35,-21,-16,-19,-11,-16,-35,-22,-11,-13,-24,-16,-52,-57,-46,-76,-74,-54,-51,-76,-39,-53,-17,-51,-50,-51,-66,-71,-18,-69,-60,-49,14,-50,-31,-42,-26,-37,-7,24,10,-7,-3,-19,-14,-20,-23,-12,-6,4,-7,-45,2,18,35
12/08/2009,16,15,0.01875,-50,-44,-13,13,-16,-25,-45,-44,-21,-11,4,-3,-8,5,-6,-12,3,10,6,-10,-3,-73,-67,-51,-81,-76,-47,-54,-81,-36,-43,-10,-31,-33,-37,-52,-62,-22,-52,-54,-42,-2,-31,-27,-33,-41,-32,5,45,32,16,16,-1,-5,-16,-12,4,14,20,7,-29,16,35,47
12/08/2009,16,15,0.025,-36,-28,13,42,9,-10,-46,-34,-12,8,26,14,-4,-12,-3,-3,15,24,22,0,-8,-62,-69,-51,-79,-72,-39,-52,-82,-37,-35,3,-21,-25,-28,-45,-58,-33,-60,-73,-40,-50,-56,6,-30,-21,-30,6,46,37,23,22,8,1,-9,-7,6,20,24,6,-13,29,40,50
12/08/2009,16,15,0.03125,-45,-29,12,50,13,-7,-43,-44,-15,7,25,20,3,-17,-10,-7,15,27,27,8,-2,-82,-83,-70,-87,-82,-41,-49,-86,-45,-36,2,-17,-21,-26,-40,-53,-37,-63,-69,-20,-22,-45,-6,-35,-5,-27,5,38,35,25,27,15,5,-8,-1,11,25,23,-4,-3,30,29,39
12/08/2009,16,15,0.0375,-27,-11,25,54,17,-3,-33,-21,-2,20,32,25,16,0,5,8,30,37,35,23,16,-70,-71,-60,-78,-74,-32,-43,-98,-35,-24,15,-2,-12,-19,-31,-39,-33,-23,-62,-9,-19,-82,-11,-30,-5,-6,24,57,51,38,41,25,21,12,20,30,41,41,29,10,39,33,46
12/08/2009,16,15,0.04375,-4,-4,22,46,18,4,-26,3,8,22,34,32,17,3,20,16,32,39,36,24,16,-66,-71,-55,-70,-68,-37,-44,-64,-30,-37,16,-16,-21,-21,-34,-33,-12,-45,-51,-89,-14,-71,-10,-34,12,-2,26,61,50,35,37,24,24,26,20,29,36,39,31,21,48,45,59
12/08/2009,16,15,0.05,-38,-20,16,52,28,8,-15,-35,-1,15,32,35,6,5,2,3,24,34,27,12,7,-51,-60,-45,-64,-59,-22,-17,-43,-20,-32,21,-7,1,-2,-17,-10,23,-58,-30,-41,43,4,-39,-9,-5,11,25,54,46,28,25,8,4,-3,36,37,36,22,5,22,44,44,60
12/08/2009,16,15,0.05625,-21,-8,39,81,52,31,8,-26,6,27,41,40,5,17,6,9,33,35,26,-1,-1,-21,-23,-7,-35,-31,10,8,-22,17,3,48,15,23,21,2,10,34,-17,-20,8,51,17,-7,4,-28,15,31,56,48,21,12,-9,-12,-21,42,38,32,12,-4,25,42,40,64
12/08/2009,16,15,0.0625,-4,-9,28,65,40,23,3,-18,-5,8,19,18,-16,-6,4,-7,12,5,-3,-30,-31,-42,-31,-21,-40,-36,2,-4,-34,6,-2,34,2,8,11,-10,-1,27,-31,-41,-14,-35,-40,-4,-5,-44,-3,7,29,17,-7,-20,-40,-33,-31,15,10,-1,-16,-23,14,26,16,53
12/08/2009,16,15,0.06875,-15,-11,20,53,29,9,-17,-28,-13,-1,7,1,-26,-24,-1,-12,1,-7,-21,-42,-39,-35,-30,-28,-20,-16,8,-1,-40,20,25,42,23,26,22,4,6,26,-3,-50,16,-49,-8,-14,7,-11,8,20,43,24,4,-10,-29,-17,-12,26,23,12,3,1,2,18,5,53
12/08/2009,16,15,0.075,26,21,49,73,51,35,8,14,21,25,29,24,10,-1,34,23,30,24,14,-3,-1,-7,-11,-8,1,3,31,26,-26,30,49,70,41,42,43,23,30,36,32,-25,24,1,24,3,13,30,27,48,72,61,44,36,20,28,29,44,48,44,43,34,7,34,31,69
12/08/2009,16,15,0.08125,42,29,53,83,62,54,26,44,41,37,49,54,48,38,59,44,52,50,52,39,41,4,-8,-4,1,3,33,34,-28,52,35,71,35,42,49,30,40,37,23,-2,-4,62,25,2,36,34,36,60,80,76,58,55,42,46,36,49,52,54,58,43,21,53,68,68
12/08/2009,16,15,0.0875,32,26,54,91,71,69,44,36,42,43,57,67,68,70,61,45,54,57,67,59,64,-10,-21,-6,-8,-5,36,33,-23,48,33,79,40,51,58,37,49,41,20,14,51,79,25,-20,48,37,43,58,76,74,61,57,50,48,27,37,41,45,54,25,25,53,76,46
12/08/2009,16,15,0.09375,25,15,53,91,72,70,43,20,29,35,54,63,61,61,39,27,42,45,58,51,53,-41,-26,-6,-29,-25,23,23,-2,19,8,62,23,36,43,18,25,29,-3,-13,-9,13,-3,15,15,8,12,28,50,46,40,42,35,32,10,22,17,27,41,15,12,37,59,33
12/08/2009,16,15,0.1,-14,-18,31,75,51,49,19,-24,2,15,41,46,44,36,11,4,25,32,49,44,44,-44,-30,-11,-42,-40,8,10,-22,-3,-13,34,4,19,26,0,7,11,-47,-26,-24,5,2,5,-6,25,-13,10,37,36,34,43,38,35,18,7,6,24,45,23,-7,22,45,27
12/08/2009,16,15,0.10625,-36,-30,18,62,33,32,2,-33,-4,4,28,28,34,33,13,1,14,26,41,40,43,-43,-39,-23,-55,-53,-5,-5,-40,1,-31,23,-10,7,12,-17,-8,-10,-32,-32,-6,36,-21,-9,-10,5,-17,9,35,38,29,36,27,22,4,1,3,18,31,5,-19,12,40,14
12/08/2009,16,15,0.1125,-27,-39,-7,25,1,2,-22,-39,-21,-18,-1,-7,-4,8,-16,-16,-7,1,9,3,8,-43,-56,-48,-56,-56,-35,-40,-67,-5,-47,-12,-42,-34,-27,-50,-45,-53,-42,-61,-39,-7,-48,-11,-22,-27,-26,-9,17,20,6,8,-2,-5,-17,0,0,4,10,-10,-23,2,32,-2
12/08/2009,16,15,0.11875,-37,-46,-20,5,-17,-21,-39,-51,-33,-17,-3,-7,-21,-6,-16,-14,-1,6,6,-6,-1,-50,-46,-34,-51,-50,-30,-36,-64,0,-34,-7,-25,-21,-20,-40,-37,-35,-45,-54,-31,5,-14,-11,-6,-4,0,20,43,42,27,24,14,12,5,25,28,25,28,13,-7,7,32,2
12/08/2009,16,15,0.125,-18,-14,14,39,14,7,-19,-14,3,12,23,21,-2,4,30,15,27,31,27,13,15,-29,-33,-23,-33,-31,-7,-17,-55,4,-3,24,-1,4,6,-16,-15,-7,-24,-40,-16,-8,-11,-20,1,24,18,35,55,52,40,40,30,33,28,24,33,27,42,27,10,18,40,19
12/08/2009,16,15,0.13125,-4,-3,21,48,28,22,-6,-21,7,17,25,25,3,5,4,10,25,28,27,16,19,-43,-32,-15,-46,-44,-6,-9,-54,-12,0,23,-5,4,10,-13,-5,-7,-18,-46,-37,-24,-31,12,-20,18,-11,11,36,35,27,31,21,27,26,10,18,20,35,23,10,22,39,33
12/08/2009,16,15,0.1375,-21,-16,18,49,28,22,-10,-36,-2,13,24,21,5,2,-2,10,21,26,28,15,16,-52,-35,-22,-48,-46,-2,-8,-43,-7,-25,27,4,15,16,-6,-1,-2,-51,-46,-31,-12,-27,12,4,14,4,25,50,48,39,36,26,25,22,29,36,37,40,25,14,29,42,51
12/08/2009,16,15,0.14375,-26,-11,29,59,37,32,-2,-26,7,17,29,32,12,10,14,18,27,31,33,16,16,-32,-24,-8,-31,-29,9,7,-11,16,-9,41,18,23,24,3,4,-1,-30,-37,-4,5,-8,6,-24,4,-1,30,53,54,40,33,24,20,7,25,33,35,34,19,20,30,43,56
12/08/2009,16,15,0.15,0,3,34,59,34,32,1,3,12,18,25,26,8,2,9,15,20,22,21,2,-1,-33,-31,-24,-32,-29,9,-1,-26,13,-4,37,19,25,25,4,-2,-15,-14,-36,-62,34,-42,-34,-46,-17,-12,18,39,39,22,10,-1,-3,-14,14,23,17,10,-8,12,14,26,31
12/08/2009,16,15,0.15625,-1,6,37,70,39,32,7,-2,14,20,22,16,4,13,20,23,22,18,11,-11,-6,-48,-34,-25,-30,-26,19,12,-33,11,-2,54,27,37,38,18,17,5,-11,-23,-24,52,-42,-16,20,-12,33,52,62,56,31,10,-4,-1,-4,46,49,29,14,4,17,12,17,28
12/08/2009,16,15,0.1625,7,11,36,66,39,33,7,8,30,18,13,5,-4,7,50,32,27,15,-1,-23,-16,-32,-27,-13,-19,-16,12,9,-25,-1,8,42,12,19,23,6,7,2,-23,-39,-13,-15,-10,-3,25,-10,39,49,60,46,20,1,-16,-8,-5,33,34,15,4,-4,17,13,9,30
12/08/2009,16,15,0.16875,-8,-12,13,34,15,13,-16,-7,11,1,-4,-6,-14,-13,34,20,14,4,-11,-23,-18,-49,-48,-31,-65,-61,-11,-12,-37,-14,-28,16,-14,-4,3,-16,-8,-15,-34,-44,-27,-40,-1,-10,8,-7,26,37,44,41,18,12,2,7,2,30,30,23,25,16,11,14,7,31
12/08/2009,16,15,0.175,-32,-40,-14,12,-5,3,-19,-25,-21,-20,-17,-11,-9,-8,20,-1,0,-1,1,-5,-1,-77,-60,-39,-82,-79,-35,-23,-45,-5,-55,-1,-43,-32,-21,-37,-13,-13,-46,-37,-7,-6,-13,22,0,26,16,34,41,43,27,36,33,36,26,40,34,40,50,42,14,29,27,64
12/08/2009,16,15,0.18125,-39,-63,-39,-10,-15,1,-11,-30,-43,-34,-24,-11,7,16,18,-11,-6,0,13,16,26,-93,-55,-30,-68,-67,-42,-25,-44,3,-48,-14,-51,-45,-31,-42,-17,-8,-22,-36,5,26,-32,10,-6,17,6,16,18,22,11,20,19,22,5,11,1,5,20,4,6,22,21,59
12/08/2009,16,15,0.1875,-37,-70,-48,-18,-27,-14,-24,-42,-57,-48,-42,-24,-4,12,-15,-37,-31,-23,-10,1,15,-83,-69,-60,-71,-69,-45,-42,-81,-12,-45,-18,-47,-43,-34,-46,-34,-28,-53,-50,-55,11,-37,-3,-31,5,-36,-18,-7,-5,-11,2,4,12,-1,-33,-31,-23,1,-13,-31,-20,-20,3
12/08/2009,16,15,0.19375,-41,-53,-33,-9,-25,-13,-29,-42,-44,-41,-39,-17,-3,18,-17,-35,-28,-22,-3,5,25,-62,-62,-56,-50,-50,-31,-36,-72,-1,-18,0,-23,-27,-20,-31,-27,-21,-37,-36,-18,34,-40,7,-21,20,-24,0,11,12,7,17,19,24,7,-15,-11,-8,13,2,-53,-41,-41,-25
12/08/2009,16,15,0.2,7,2,6,13,-4,6,-4,16,8,1,-8,4,14,35,27,7,11,12,24,25,39,-14,-25,-20,-3,-2,3,-11,-20,41,19,31,20,7,8,3,6,-2,18,-11,7,41,-20,4,10,27,2,24,35,33,25,30,32,34,18,1,5,1,22,9,-45,-33,-36,-13
12/08/2009,16,15,0.20625,29,18,25,30,6,13,7,13,18,12,4,0,11,35,25,12,18,16,19,17,32,-33,-30,-24,-39,-34,-12,-16,-44,17,-3,14,-5,-15,-13,-23,-18,-27,-22,-27,-42,0,-13,-13,-10,27,-12,-1,11,10,4,12,12,18,9,-27,-26,-23,3,-6,-40,-31,-28,2
12/08/2009,16,15,0.2125,-25,-29,-14,-9,-31,-19,-21,-31,-7,-13,-17,-23,-16,7,5,-9,-5,-6,-6,-8,10,-60,-58,-40,-59,-59,-34,-29,-48,-6,-23,-2,-25,-34,-27,-33,-13,-17,-54,-29,-57,21,-29,18,-31,23,-40,-16,-4,1,-8,-2,-2,6,3,-43,-40,-36,-12,-22,-51,-45,-37,-11
12/08/2009,16,15,0.21875,-17,-16,-4,-2,-8,12,6,-21,0,-3,-6,-4,1,21,-10,-12,-2,-3,2,-2,16,-25,-30,-13,-29,-29,-11,-6,-28,17,-15,19,-6,-12,-2,-10,16,-3,-26,-12,-2,17,-26,21,-24,20,-53,-24,-3,1,-5,-3,-5,-2,-5,-45,-34,-32,-18,-34,-64,-59,-53,-32
12/08/2009,16,15,0.225,0,-10,6,16,13,23,5,-4,1,2,4,10,10,16,-13,-7,6,6,15,6,12,-55,-31,-13,-34,-32,-8,1,-24,12,-12,31,-2,-5,8,-4,16,-12,-23,-11,-32,14,-34,6,-31,17,-33,-5,15,16,9,6,0,-2,-9,-24,-15,-18,-15,-31,-56,-51,-52,-24
12/08/2009,16,15,0.23125,-11,-15,7,21,21,20,-1,-26,-11,0,7,12,7,2,-15,-17,1,5,13,4,4,-58,-44,-34,-41,-40,-9,-4,-46,3,-18,26,-3,-3,9,-4,9,-40,-35,-26,-32,-3,-39,-1,-32,-10,-39,-16,2,5,-2,-3,-7,-10,-23,-21,-20,-24,-21,-30,-44,-42,-45,-14
12/08/2009,16,15,0.2375,-29,-23,9,31,29,30,4,-38,-21,-2,15,22,18,13,-18,-17,0,11,23,16,16,-37,-23,-15,-43,-40,2,13,-27,5,-13,36,3,4,19,7,23,-32,-20,-8,-21,51,-32,-3,-32,13,-21,8,30,27,22,17,16,14,1,8,13,2,3,-6,-26,-26,-26,2
12/08/2009,16,15,0.24375,-4,-10,13,36,33,40,16,3,1,7,19,30,31,35,14,12,17,22,33,25,30,-26,-23,-13,-31,-29,-4,9,-9,14,-6,32,-3,-4,8,-2,14,-34,-3,-12,-24,42,-33,10,-10,16,12,31,49,35,17,10,9,10,-2,13,17,-5,-2,-12,-12,-16,-10,20
12/08/2009,16,15,0.25,1,-9,3,22,17,26,2,15,8,5,-1,-3,4,12,32,17,15,7,6,-7,2,-55,-40,-24,-52,-49,-13,-2,-27,-8,-24,20,-13,-8,3,-5,6,-53,-21,-36,-36,-37,-27,-22,11,-4,15,29,43,27,1,-11,-13,-9,-13,14,15,-15,-17,-22,-12,-23,-12,11
12/08/2009,16,15,0.25625,-12,-6,12,28,23,29,-1,3,13,12,4,6,-3,-2,40,27,24,13,5,-11,-1,-36,-15,6,-36,-36,10,18,-10,4,1,44,10,12,26,16,26,-50,-14,-23,1,-6,-2,-10,27,23,32,55,72,58,29,14,7,11,5,48,46,20,9,11,-1,-11,11,18
12/08/2009,16,15,0.2625,2,9,30,48,34,36,8,18,25,27,19,24,8,11,52,45,40,30,20,2,9,-21,-6,7,-22,-22,11,18,-12,31,-10,41,13,12,23,11,17,-64,-7,-26,-7,-1,3,19,16,11,26,46,60,56,27,15,6,6,2,28,28,14,6,2,7,4,31,34
12/08/2009,16,15,0.26875,-6,-13,13,35,18,17,-11,-4,-6,5,5,1,-6,-4,22,13,17,15,9,-6,-3,-37,-21,-14,-34,-34,-11,-4,-33,15,-24,13,-15,-14,-2,-12,-6,-79,-36,-37,-40,5,-18,-24,-27,7,-17,-1,15,23,-1,-6,-12,-6,-7,-15,-14,-15,-15,-22,-14,-11,7,11
12/08/2009,16,15,0.275,-32,-42,-15,11,0,6,-10,-38,-41,-21,-11,-1,-2,15,-15,-22,-11,-4,3,-5,11,-49,-31,-23,-53,-52,-24,-8,-39,-2,-36,13,-24,-21,-6,-16,4,-63,-35,-15,-23,51,-51,-2,-22,17,-25,-10,10,13,-7,-6,-10,0,-4,-17,-20,-17,-16,-25,-37,-31,-20,-5
12/08/2009,16,15,0.28125,-18,-17,3,27,18,23,12,-14,-19,-3,1,11,10,27,-5,-13,-5,-4,2,-7,8,-51,-21,-8,-45,-43,-10,2,-24,13,-8,25,-7,-1,10,2,23,-43,-32,-14,-42,8,-40,19,-13,3,-28,-14,2,-3,-22,-26,-33,-26,-30,-29,-33,-41,-36,-39,-53,-46,-38,-7
12/08/2009,16,15,0.2875,-16,-10,10,30,23,23,11,-23,-9,-8,-13,-6,-6,-1,-5,-13,-15,-20,-16,-27,-17,-40,-20,-1,-31,-30,-5,8,-28,24,2,30,-4,3,15,6,33,-32,-22,-10,-20,16,-22,14,-4,-10,-13,-5,7,-1,-25,-28,-33,-30,-36,-18,-22,-38,-36,-42,-55,-52,-46,3
12/08/2009,16,15,0.29375,-3,1,18,36,32,37,25,1,8,7,1,16,11,25,20,11,3,-1,5,-3,3,-40,-15,-1,-22,-21,10,20,-1,33,6,52,18,24,35,27,46,-16,0,13,14,60,-26,2,8,-5,17,27,42,26,3,2,0,-5,-17,11,6,-12,-15,-30,-35,-39,-41,19
12/08/2009,16,15,0.3,30,41,59,67,62,68,51,52,48,37,29,43,42,53,51,36,27,20,33,23,23,-9,8,23,-1,0,34,42,23,50,30,68,41,42,52,46,58,-21,15,12,-11,3,-20,8,-18,1,-18,7,31,16,-4,-3,-2,-5,-13,-11,-17,-29,-24,-39,-25,-33,-42,15
12/08/2009,16,15,0.30625,22,29,44,42,33,40,22,11,23,13,3,6,15,10,-7,-5,-5,-10,5,-2,-4,-18,-14,-2,-28,-25,10,18,-5,18,16,43,17,13,23,15,26,-58,-15,-17,-37,-16,-30,-2,-33,25,-36,-21,5,-5,-23,-22,-18,-11,-11,-25,-33,-44,-36,-43,-35,-42,-51,4
12/08/2009,16,15,0.3125,0,13,30,31,27,30,8,-9,12,10,7,12,13,17,-4,-8,-6,-4,5,-2,8,-33,-21,-6,-20,-22,6,14,-10,28,23,46,17,19,29,22,28,-51,-11,-8,-23,31,-43,-9,-21,19,-28,-11,11,0,-23,-25,-20,-15,-22,-27,-34,-46,-43,-58,-51,-51,-60,-5
12/08/2009,16,15,0.31875,10,23,41,47,48,50,20,6,26,17,16,19,17,22,12,1,2,1,7,-3,2,-15,-8,8,-2,-4,16,21,-11,45,40,53,30,30,43,32,34,-45,11,-16,0,4,-18,-9,-13,-8,-26,-5,20,10,-14,-20,-19,-22,-33,-23,-24,-32,-39,-59,-55,-51,-60,-10
12/08/2009,16,15,0.325,34,39,52,56,55,52,15,22,40,34,31,39,25,18,18,23,25,22,26,14,10,8,-3,6,23,22,33,28,-5,61,66,69,51,46,51,42,39,-34,37,-15,16,2,7,-7,7,14,-1,22,53,43,18,9,6,1,-12,1,2,2,-17,-37,-34,-25,-42,16
12/08/2009,16,15,0.33125,46,49,62,67,58,53,19,31,53,44,40,41,31,23,40,38,37,34,37,23,17,1,3,12,15,15,33,26,-3,56,62,58,42,37,44,36,30,-30,23,-23,-18,-12,18,-3,4,10,7,26,56,44,15,3,2,-6,-20,9,7,3,-22,-50,-11,-1,-29,42
12/08/2009,16,15,0.3375,22,17,31,41,30,33,12,5,22,12,5,7,8,8,32,13,7,5,6,-3,2,-24,-5,4,-4,-5,15,14,-8,35,25,35,12,10,22,11,24,-21,5,-13,6,2,6,6,22,1,21,24,36,18,-15,-23,-23,-27,-36,7,-2,-24,-46,-78,-10,-1,-45,40
12/08/2009,16,15,0.34375,-5,-20,-9,8,-1,11,6,-4,-15,-31,-39,-28,-12,8,27,-11,-26,-33,-24,-27,-10,-14,0,7,-16,-17,1,8,-11,34,-5,21,-14,-13,6,-6,27,-24,-14,-5,23,23,-18,-3,8,-14,7,-1,5,-18,-48,-48,-47,-49,-57,-22,-35,-57,-71,-102,-34,-32,-78,14
12/08/2009,16,15,0.35,-16,-45,-34,-12,-9,8,8,-23,-44,-52,-56,-31,-17,5,-5,-41,-50,-53,-39,-43,-20,-11,-10,-5,-10,-11,-3,4,-22,35,1,21,-15,-10,11,5,32,-27,7,-8,1,4,-29,-44,-39,-18,-46,-38,-21,-45,-61,-58,-54,-55,-61,-60,-71,-78,-79,-108,-75,-76,-105,-31
12/08/2009,16,15,0.35625,13,-15,-6,8,18,32,24,-8,-31,-36,-37,-8,-4,10,-22,-48,-48,-46,-30,-36,-18,-6,10,22,4,4,23,31,26,39,29,48,20,21,34,26,51,1,-1,5,-75,-2,-37,-27,-39,-23,-61,-52,-32,-50,-62,-56,-52,-53,-62,-74,-86,-77,-74,-92,-102,-93,-100,-45
12/08/2009,16,15,0.3625,10,5,15,23,24,31,25,-27,-24,-31,-37,-24,-20,-16,-37,-55,-54,-52,-41,-53,-45,16,29,41,11,11,39,49,37,27,34,59,42,39,48,41,63,12,-20,-6,-50,-20,-22,-5,-39,-28,-64,-61,-42,-56,-70,-68,-68,-69,-73,-79,-90,-86,-88,-107,-111,-96,-98,-60
12/08/2009,16,15,0.36875,12,22,33,39,34,35,23,-19,-10,-17,-31,-20,-25,-20,-31,-51,-48,-47,-42,-57,-48,22,34,45,15,16,42,42,22,44,33,60,49,45,50,43,51,-2,3,0,-26,16,-46,-12,-36,-26,-58,-55,-41,-55,-72,-67,-71,-62,-65,-66,-83,-85,-82,-92,-101,-88,-94,-58
12/08/2009,16,15,0.375,7,13,22,23,20,23,15,-31,-17,-26,-37,-27,-33,-12,-37,-57,-56,-60,-53,-67,-45,-10,-2,6,-1,-2,10,6,-10,35,18,33,18,11,15,8,17,-18,-15,-15,-43,-26,-69,-27,-49,-32,-73,-74,-68,-81,-95,-82,-82,-68,-66,-89,-108,-110,-89,-96,-98,-93,-101,-59
12/08/2009,16,15,0.38125,-8,-6,-6,-12,-12,-1,-7,-51,-37,-53,-65,-51,-48,-29,-65,-80,-84,-89,-72,-80,-53,-21,-17,-10,-14,-15,-3,-1,-23,17,-1,19,3,-2,5,4,14,-25,-31,-18,-84,-17,-60,-16,-81,-24,-90,-96,-93,-101,-114,-93,-86,-68,-60,-105,-124,-120,-85,-78,-115,-110,-107,-72
12/08/2009,16,15,0.3875,-12,-4,-2,-3,1,20,12,-44,-37,-49,-56,-26,-26,-11,-60,-77,-77,-73,-55,-60,-35,-24,-1,12,-13,-13,21,24,-5,20,-4,47,27,25,37,30,43,-14,-28,6,-58,34,-50,12,-61,-9,-73,-64,-51,-55,-68,-51,-42,-27,-28,-59,-79,-72,-31,-18,-105,-97,-79,-66
12/08/2009,16,15,0.39375,4,21,36,37,42,56,47,-20,-2,-5,-4,30,13,30,-24,-39,-26,-20,-6,-17,-3,5,10,25,10,10,41,41,13,44,20,68,51,46,56,48,61,1,7,21,4,22,-35,-3,-23,-3,-39,-24,-10,-8,-26,-18,-12,-4,-14,-20,-39,-40,-7,4,-65,-60,-42,-39
12/08/2009,16,15,0.4,38,50,59,57,58,64,49,31,35,27,22,46,31,30,28,7,11,14,23,11,14,20,22,37,34,33,51,48,21,71,48,73,64,59,64,59,59,3,41,15,17,12,15,12,13,22,13,21,34,32,14,23,27,31,23,33,11,5,31,47,-9,-10,-2,8
12/08/2009,16,15,0.40625,68,66,73,74,77,78,48,51,61,58,61,74,65,55,51,40,49,60,67,54,55,26,29,35,36,34,50,47,5,90,51,79,62,58,63,59,54,-15,67,24,59,69,60,10,71,46,62,64,82,78,63,72,72,72,62,81,57,58,78,97,49,50,50,79
12/08/2009,16,15,0.4125,81,82,81,79,85,90,60,73,91,81,78,94,88,88,92,73,79,88,92,80,80,31,37,50,61,56,61,55,33,112,64,91,78,67,71,70,60,-12,86,40,52,81,105,11,100,63,96,93,107,100,82,88,82,82,74,103,74,73,90,108,89,96,95,135
12/08/2009,16,15,0.41875,99,100,95,86,87,87,55,91,101,84,73,85,71,64,108,79,81,83,82,66,57,39,34,42,61,60,56,39,22,95,74,79,79,64,61,58,43,-32,80,19,73,23,77,12,81,40,88,80,95,87,67,68,61,56,55,86,60,59,68,82,90,101,103,131
12/08/2009,16,15,0.425,78,72,69,60,62,60,33,68,69,57,53,56,44,42,75,52,55,58,59,43,39,6,11,18,10,11,26,17,-2,58,35,56,40,33,33,30,34,-38,46,11,48,33,13,-2,38,27,34,35,55,51,39,43,39,38,34,32,20,27,39,57,49,69,77,72
12/08/2009,16,15,0.43125,26,23,31,31,37,43,22,10,15,15,22,26,20,23,19,5,10,23,28,14,12,4,8,16,6,5,10,6,-4,47,-6,31,20,16,18,11,13,-60,9,-15,-19,-14,-4,-37,-18,1,-7,-6,14,16,4,6,4,6,5,-1,-8,-3,6,24,-1,22,29,11
12/08/2009,16,15,0.4375,1,-3,11,16,22,17,-13,-17,-17,-8,-3,-4,-12,-22,-7,-24,-15,-3,0,-18,-23,-28,-18,-13,-7,-7,-16,-23,-36,37,-21,7,-4,-12,-7,-15,-17,-93,-14,-45,-21,-44,-34,-19,-23,-20,-26,-30,-7,-12,-25,-22,-25,-22,-21,-20,-33,-30,-24,-9,-33,-13,-10,-19
12/08/2009,16,15,0.44375,-7,-24,-16,-17,-4,-3,-29,-34,-47,-39,-38,-28,-31,-39,-41,-61,-48,-38,-33,-45,-45,-31,-20,-10,2,-2,-22,-24,-32,40,-21,7,-12,-21,-12,-16,-8,-93,-4,-46,-21,-33,-67,-11,-52,-42,-71,-68,-45,-50,-60,-57,-56,-51,-52,-58,-72,-70,-62,-45,-57,-46,-40,-43
12/08/2009,16,15,0.45,-7,-21,-22,-21,-13,-4,-20,-43,-59,-55,-58,-51,-46,-48,-67,-87,-75,-67,-60,-73,-67,-25,-18,-12,-22,-24,-25,-24,-28,24,-41,-6,-23,-29,-21,-24,-14,-103,-26,-50,-64,-51,-46,-36,-72,-62,-88,-88,-69,-75,-89,-87,-84,-77,-76,-74,-90,-91,-79,-62,-78,-68,-68,-57
12/08/2009,16,15,0.45625,-27,-36,-39,-42,-34,-20,-36,-49,-60,-63,-64,-63,-60,-51,-63,-83,-79,-73,-69,-81,-70,-18,-30,-27,-24,-27,-42,-37,-52,24,-40,-14,-37,-48,-39,-37,-17,-98,-17,-39,-42,-18,-37,-33,-55,-60,-74,-75,-59,-67,-86,-77,-74,-63,-54,-74,-88,-89,-67,-43,-86,-71,-77,-59
12/08/2009,16,15,0.4625,-16,-34,-41,-53,-44,-20,-26,-37,-51,-65,-72,-65,-56,-27,-55,-82,-81,-83,-76,-81,-58,-49,-35,-25,-25,-27,-54,-47,-60,26,-40,-22,-46,-59,-50,-44,-18,-91,-12,-33,-44,1,-22,-37,-49,-51,-71,-76,-69,-74,-94,-81,-76,-56,-41,-74,-89,-92,-63,-42,-87,-69,-71,-52
12/08/2009,16,15,0.46875,-13,-26,-37,-52,-44,-15,-14,-29,-37,-59,-68,-66,-47,-17,-32,-67,-70,-70,-58,-64,-43,-37,-33,-24,-17,-21,-47,-37,-21,24,-26,-16,-32,-46,-38,-33,-13,-88,0,-22,-29,-2,-16,-32,-17,-23,-37,-36,-32,-37,-59,-48,-48,-35,-27,-32,-46,-50,-33,-22,-65,-43,-35,-23
12/08/2009,16,15,0.475,-4,-13,-30,-51,-40,-13,-17,1,-14,-40,-56,-54,-40,-31,13,-31,-46,-52,-43,-53,-44,-42,-35,-27,-26,-32,-55,-39,-30,11,-40,-20,-48,-62,-48,-44,-17,-101,-22,-35,-33,-52,-25,-25,-20,-34,-28,-23,-17,-31,-53,-43,-46,-39,-42,-31,-43,-45,-34,-34,-44,-23,-13,-25
12/08/2009,16,15,0.48125,-19,-29,-46,-68,-53,-23,-31,-11,-25,-48,-65,-60,-41,-34,-21,-37,-49,-53,-39,-49,-41,-54,-50,-32,-30,-36,-63,-45,-39,11,-53,-27,-50,-62,-47,-43,-16,-100,-12,-32,-10,-19,-7,-58,-13,-25,-25,-27,-10,-16,-33,-19,-21,-16,-20,-20,-26,-18,-2,1,-31,-8,1,-32
12/08/2009,16,15,0.4875,-19,-26,-33,-42,-29,-2,-13,-17,-18,-29,-35,-33,-13,-4,-13,-24,-25,-23,-4,-14,-7,-38,-43,-34,-34,-40,-60,-47,-46,12,-45,-25,-51,-61,-45,-45,-21,-110,-9,-32,-26,-18,-1,-33,-16,-4,-13,-10,13,10,-5,6,3,3,-6,-4,-9,1,19,17,-17,5,8,-32
12/08/2009,16,15,0.49375,-32,-40,-49,-62,-48,-21,-29,-29,-21,-37,-44,-44,-25,-12,-7,-23,-23,-23,-6,-14,-11,-78,-58,-51,-66,-69,-80,-67,-59,-13,-65,-45,-71,-82,-68,-65,-39,-124,-41,-42,-32,-15,-34,-13,-19,-4,-31,-11,8,14,2,21,17,19,7,-6,-10,12,34,36,-10,15,14,-25
12/08/2009,16,15,0.5,-41,-39,-48,-61,-45,-20,-27,-37,-22,-34,-41,-34,-13,8,-7,-16,-16,-14,9,4,11,-86,-61,-53,-55,-59,-74,-65,-64,-12,-47,-44,-62,-71,-63,-59,-39,-121,-36,-30,-17,6,-35,-22,-22,1,-24,3,21,27,7,32,27,23,13,11,12,25,39,27,-4,21,15,-16
12/08/2009,16,15,0.50625,-38,-40,-50,-59,-43,-16,-22,-26,-24,-37,-43,-33,-12,5,8,-8,-12,-12,5,0,8,-65,-58,-43,-58,-60,-76,-62,-56,-9,-64,-44,-72,-79,-67,-65,-32,-108,-32,-24,-24,-6,-42,-23,-10,7,5,26,43,37,12,29,25,21,13,41,44,32,35,27,15,30,20,-8
12/08/2009,16,15,0.5125,-40,-50,-60,-71,-43,-8,-12,-18,-26,-39,-39,-32,-8,8,20,0,-7,-12,10,1,10,-41,-49,-30,-44,-49,-71,-48,-31,-16,-48,-33,-72,-74,-53,-48,-7,-94,-20,-4,-8,36,-33,-47,-10,14,11,33,48,41,15,28,24,22,11,46,45,30,31,29,30,34,23,-10
12/08/2009,16,15,0.51875,-27,-45,-47,-53,-14,25,15,-8,-29,-31,-26,-13,15,31,20,-2,-7,-6,20,11,22,-33,-22,-6,-42,-44,-44,-17,-8,1,-48,-14,-53,-48,-21,-23,19,-88,-8,13,-19,41,-34,-20,-14,1,16,27,37,39,13,32,27,27,19,43,36,30,40,44,30,31,22,-12
12/08/2009,16,15,0.525,-16,-39,-31,-27,7,40,23,-18,-41,-31,-25,-6,22,30,6,-21,-15,-11,18,12,22,-8,10,12,-8,-13,-14,2,-19,24,-40,12,-26,-21,2,-3,31,-91,-11,3,-46,0,-15,5,-1,10,19,16,23,24,4,25,22,28,25,43,29,18,31,36,29,26,17,-8
12/08/2009,16,15,0.53125,-21,-27,-12,-6,17,42,24,-40,-45,-27,-16,-3,25,30,-15,-32,-20,-13,15,12,25,5,18,23,13,10,7,13,8,30,-10,21,6,2,16,14,31,-83,-15,10,-25,38,-21,-8,-31,11,-21,-3,12,14,-1,20,20,24,17,21,13,8,21,17,14,14,3,-21
12/08/2009,16,15,0.5375,2,11,18,11,31,50,34,-7,-10,-1,-1,4,36,39,-5,-8,1,-2,30,24,31,20,30,30,39,34,23,22,21,43,23,35,31,21,27,25,40,-78,1,16,-23,26,-26,-9,-12,24,-5,16,37,36,22,36,35,34,25,31,30,27,31,31,4,8,-8,-42
12/08/2009,16,15,0.54375,15,29,30,12,29,44,32,10,18,14,5,3,37,33,16,13,20,12,40,27,31,2,11,12,6,4,3,12,3,30,0,27,15,2,10,12,36,-78,-3,11,-24,-2,-34,-10,1,23,2,21,42,39,22,35,32,31,22,29,25,20,26,26,6,12,-7,-48
12/08/2009,16,15,0.55,13,30,27,6,26,50,40,20,30,19,10,1,39,42,18,18,16,9,31,25,32,-7,11,26,6,3,5,22,21,31,2,32,10,5,17,24,54,-56,-6,26,-21,21,-40,5,-14,1,-16,3,22,16,-1,16,17,17,10,-6,-3,-9,12,14,-6,-1,-16,-56
12/08/2009,16,15,0.55625,7,25,14,-4,15,46,41,15,20,2,-14,-13,31,36,6,1,-4,-7,15,15,29,-13,0,10,1,-3,-2,11,3,30,4,24,-5,-8,10,12,43,-73,3,24,-16,40,-32,-3,-13,36,-17,-1,22,15,4,23,33,39,40,4,3,4,30,41,-17,-11,-14,-51
12/08/2009,16,15,0.5625,6,10,3,-11,13,47,43,12,13,-4,-13,-7,44,52,11,8,-1,-2,24,33,50,-6,3,14,6,1,4,17,7,34,17,29,4,-1,18,21,52,-65,4,33,-21,65,-16,-16,-7,43,-5,18,37,29,16,35,45,50,41,15,17,14,37,42,-13,-4,-8,-36
12/08/2009,16,15,0.56875,19,27,21,6,28,57,54,36,31,11,-2,2,50,71,37,25,12,2,27,35,56,25,29,40,22,17,25,32,27,48,17,38,22,17,31,31,51,-43,12,38,3,80,-2,-36,-4,29,3,22,38,29,11,26,32,37,26,22,19,6,23,22,-3,6,-7,-23
12/08/2009,16,15,0.575,38,39,21,-8,7,26,30,47,35,11,-15,-17,20,45,36,32,15,-4,18,18,39,22,33,40,34,29,18,20,18,62,12,26,17,3,12,11,26,-58,38,15,20,35,-14,-18,31,25,31,36,46,33,13,20,22,25,16,32,26,1,11,6,2,5,-18,-24
12/08/2009,16,15,0.58125,31,27,6,-24,-7,11,11,32,27,5,-15,-27,6,28,30,24,10,-4,13,11,25,-9,20,36,14,11,2,10,2,36,-3,14,-1,-8,8,7,30,-68,-8,7,-26,4,-21,10,6,17,2,18,23,18,1,10,16,23,17,11,7,-13,6,11,-8,-11,-30,-42
12/08/2009,16,15,0.5875,-3,7,-2,-21,7,32,26,-6,7,-2,-11,-18,25,31,17,7,1,-7,15,17,31,2,15,26,5,1,5,16,29,28,-14,16,-7,-9,11,8,31,-67,-6,11,1,12,2,2,12,20,1,14,20,12,-3,12,22,26,17,23,13,-9,14,13,-12,-15,-28,-33
12/08/2009,16,15,0.59375,-3,-5,-18,-33,-2,32,24,-6,-3,-15,-19,-12,32,36,7,2,0,-8,20,24,39,-2,13,24,5,0,-3,11,13,34,-22,16,-13,-17,6,8,34,-56,14,21,29,29,-17,2,-4,34,3,23,32,31,15,31,43,44,43,26,23,7,31,29,-4,-3,-16,-6
12/08/2009,16,15,0.6,17,9,-1,-11,30,68,56,22,11,7,11,31,68,69,23,22,22,21,54,58,72,17,32,49,27,23,21,32,35,54,11,49,21,20,44,51,75,-24,32,52,-7,79,-8,1,1,63,4,29,41,41,27,43,58,61,58,24,26,11,37,39,3,-1,-7,-14
12/08/2009,16,15,0.60625,42,35,31,21,67,107,93,22,15,21,30,58,91,98,27,24,29,33,64,70,85,68,61,76,61,58,57,68,60,79,33,82,51,51,76,77,95,-12,30,65,-13,79,30,-9,29,59,14,30,44,44,32,45,58,60,51,27,25,8,37,38,3,-5,-3,-37
12/08/2009,16,15,0.6125,27,31,37,31,71,106,93,-4,6,20,31,53,83,83,12,11,25,29,59,62,72,32,58,67,43,42,58,76,58,74,16,76,46,48,74,74,98,-8,22,58,8,48,19,35,5,48,-2,17,33,37,29,37,49,51,42,17,16,4,29,29,-6,-13,-11,-49
12/08/2009,16,15,0.61875,33,46,49,36,78,109,87,20,35,39,40,55,90,85,30,32,42,40,70,74,82,55,79,92,61,58,81,92,78,84,35,94,66,69,95,95,111,12,37,65,31,64,25,18,34,59,23,42,61,63,48,55,62,62,53,40,43,31,41,40,1,-1,-1,-27
12/08/2009,16,15,0.625,59,78,73,55,92,118,92,48,71,66,56,73,101,95,64,65,65,55,82,86,90,71,83,95,73,70,89,86,72,101,53,103,80,79,99,97,95,-13,54,51,44,64,34,20,59,63,51,66,79,79,62,70,75,70,57,52,59,48,54,48,21,29,33,-1
12/08/2009,16,15,0.63125,67,88,81,49,82,105,76,53,78,68,54,65,89,79,64,63,63,51,76,76,78,49,54,68,52,51,62,58,43,82,32,79,67,57,74,78,71,-33,49,28,48,26,5,27,14,44,15,43,64,63,49,56,59,53,41,34,41,36,43,31,24,37,50,-1
12/08/2009,16,15,0.6375,69,89,76,36,68,91,66,63,83,69,54,58,81,76,65,68,71,56,81,77,80,56,57,68,53,52,63,59,39,98,45,88,78,65,79,86,80,-22,79,44,47,70,13,9,42,60,47,75,100,98,78,86,92,86,79,83,81,73,80,82,39,52,72,20
12/08/2009,16,15,0.64375,79,102,93,60,83,102,77,64,97,90,76,71,97,98,82,83,89,74,97,97,102,33,45,63,31,32,58,60,67,68,33,81,69,61,73,72,69,-17,39,44,15,66,44,1,53,62,46,65,89,83,63,73,77,73,67,55,55,44,61,64,42,52,80,24
12/08/2009,16,15,0.65,32,67,65,37,52,69,53,22,62,57,40,34,60,67,50,49,52,36,53,55,67,14,29,54,4,5,36,43,49,39,2,53,44,37,54,51,51,-25,7,24,3,37,37,36,10,40,8,28,53,42,27,34,41,43,40,16,22,9,28,41,16,28,55,-1
12/08/2009,16,15,0.65625,23,51,54,33,50,59,47,26,55,51,41,35,49,51,47,43,43,35,48,49,57,39,36,55,27,24,44,46,45,73,8,62,52,49,60,55,55,-33,22,21,29,8,20,27,40,58,26,43,59,46,35,40,46,52,57,30,31,18,36,52,-3,13,27,-16
12/08/2009,16,15,0.6625,34,53,62,48,63,67,53,34,65,60,51,49,61,55,64,59,56,50,63,62,67,26,44,70,17,18,60,62,61,69,10,74,59,64,76,69,71,-36,32,31,25,41,23,10,55,65,43,61,76,69,56,61,65,67,68,45,45,36,57,64,6,24,29,1
12/08/2009,16,15,0.66875,42,65,79,64,85,88,72,42,74,74,69,73,91,83,77,73,76,69,85,84,88,39,52,76,22,24,70,71,64,62,8,79,65,72,84,77,77,-32,30,43,26,75,22,16,49,56,48,64,81,77,68,68,72,68,62,39,45,37,60,61,14,36,43,14
12/08/2009,16,15,0.675,34,61,81,73,88,87,67,43,78,78,76,74,97,82,88,73,79,72,87,84,84,40,58,79,39,40,73,69,58,63,14,83,72,75,82,74,67,-29,19,35,4,76,50,29,45,69,43,67,79,72,67,69,70,69,64,45,49,40,56,63,15,40,58,19
12/08/2009,16,15,0.68125,36,56,77,67,82,87,63,28,60,64,64,67,90,78,62,55,62,61,76,78,78,48,67,86,25,27,72,66,54,62,23,72,69,72,78,71,55,-32,31,21,53,27,43,23,40,60,23,42,51,51,49,56,59,59,55,32,29,25,46,54,10,35,62,17
12/08/2009,16,15,0.6875,32,38,58,59,72,73,40,8,22,37,48,52,78,54,29,23,36,44,64,69,64,24,32,43,6,8,44,32,17,57,-7,50,48,50,58,48,29,-56,10,4,-2,16,-18,24,12,53,1,18,28,35,38,50,55,56,51,13,10,15,40,43,-5,24,51,13
12/08/2009,16,15,0.69375,15,34,56,59,72,77,42,-5,22,48,61,60,86,68,29,26,44,56,77,79,76,26,32,40,14,16,56,40,3,56,11,72,68,69,77,68,50,-30,5,23,-17,61,-7,24,17,58,-1,18,39,40,47,52,59,56,48,3,5,10,34,31,-24,7,29,-4
12/08/2009,16,15,0.7,31,64,83,83,91,97,64,4,50,71,80,73,90,80,21,36,57,65,77,72,71,41,44,60,25,29,70,56,43,65,38,76,78,79,86,78,56,-21,17,22,19,39,17,26,19,37,-12,10,36,32,32,30,32,26,14,-14,-8,-11,2,-5,-43,-14,-1,-32
12/08/2009,16,15,0.70625,42,69,78,68,78,85,60,13,61,64,64,54,70,59,29,43,56,53,61,52,49,27,32,60,15,20,58,54,56,68,33,70,62,64,74,67,58,-10,35,27,29,42,5,24,21,32,5,30,62,51,49,37,38,32,24,7,17,11,16,11,-39,-11,-5,-24
12/08/2009,16,15,0.7125,53,76,83,67,77,86,59,34,86,83,74,61,79,67,63,72,80,72,77,69,63,41,43,68,41,42,71,67,59,83,35,81,74,74,84,80,71,-3,53,44,44,62,19,-4,44,57,20,44,68,61,59,48,48,45,42,10,16,18,26,15,-21,7,7,4
12/08/2009,16,15,0.71875,57,76,83,68,79,86,59,45,86,75,66,58,79,73,56,60,65,55,63,62,62,8,30,49,17,20,50,50,36,61,5,56,44,46,62,57,52,-20,24,30,31,72,3,29,27,43,3,17,30,24,25,24,27,30,26,-21,-13,-15,4,-5,-30,-5,-4,-13
12/08/2009,16,15,0.725,20,37,43,25,41,56,41,15,50,38,31,26,54,66,26,30,34,24,35,41,49,-32,-4,15,-43,-41,8,15,13,8,-38,21,3,7,22,18,27,-45,-14,11,-11,51,-11,24,-10,30,-30,-4,14,7,6,12,16,23,22,-32,-26,-29,1,-1,-54,-31,-21,-53
12/08/2009,16,15,0.73125,1,20,26,8,19,37,32,2,34,28,21,15,39,53,14,20,24,17,31,34,46,-7,2,17,-21,-20,4,13,20,30,-20,12,7,5,15,19,29,-31,6,14,18,15,-32,22,-19,37,-35,-3,14,11,7,18,20,27,29,-21,-16,-16,11,11,-61,-30,-18,-50
12/08/2009,16,15,0.7375,26,26,32,13,19,25,19,30,42,36,29,14,26,36,29,30,33,30,33,30,37,-2,5,24,4,6,1,11,5,60,-3,10,8,1,11,14,19,-42,27,6,-11,18,-31,16,1,32,-6,17,34,29,18,22,22,24,24,6,8,-1,18,13,-37,-3,3,-11
12/08/2009,16,15,0.74375,24,24,25,10,9,13,10,13,41,35,29,4,15,29,29,31,34,32,30,20,26,4,-7,8,10,10,-5,1,1,46,-11,3,0,-6,2,3,10,-43,3,3,-25,26,18,10,21,18,7,23,34,21,14,14,16,16,15,6,2,-8,11,7,-13,14,11,16
12/08/2009,16,15,0.75,4,14,15,-4,-2,7,6,-11,27,19,8,-11,6,20,19,16,14,11,17,10,20,-7,-2,10,1,2,-19,-8,12,39,-25,-16,-14,-24,-15,-10,1,-26,-17,2,-5,23,27,-18,15,16,0,8,16,-3,-6,0,6,10,16,2,-11,-21,-1,5,-11,13,2,20
12/08/2009,16,15,0.75625,-16,-11,-10,-39,-20,4,11,-26,2,-10,-21,-28,9,28,8,-4,-10,-13,1,1,21,-39,-18,-4,-32,-30,-40,-24,-12,16,-51,-28,-42,-51,-34,-27,-5,-33,-30,1,-14,39,-15,10,12,8,-2,-3,2,-23,-27,-15,-11,-7,-6,-20,-31,-43,-20,-25,-30,-11,-22,-14
12/08/2009,16,15,0.7625,-25,-25,-27,-62,-35,4,12,-26,-10,-22,-27,-25,14,35,6,-17,-18,-20,-3,-5,16,-19,-20,-8,-19,-20,-39,-23,-12,22,-39,-27,-45,-50,-32,-23,5,-45,-23,0,-31,14,-13,35,-8,-13,-36,-28,-20,-33,-31,-17,-14,-8,-12,-45,-51,-49,-24,-23,-56,-33,-35,-45
12/08/2009,16,15,0.76875,-22,-33,-25,-55,-28,8,18,-49,-29,-25,-21,-20,19,26,-31,-37,-25,-18,-1,2,18,-20,-6,10,-13,-12,-33,-10,10,27,-27,-26,-44,-51,-29,-17,11,-36,-18,5,-23,27,-17,13,-23,15,-54,-44,-23,-31,-31,-14,-9,0,-2,-42,-52,-49,-21,-18,-68,-37,-30,-52
12/08/2009,16,15,0.775,-23,-46,-45,-72,-35,-5,11,-61,-47,-43,-42,-35,7,17,-43,-51,-40,-36,-14,-6,13,-8,-5,9,-7,-10,-43,-21,3,23,-33,-38,-61,-69,-48,-35,-15,-48,-29,-16,-23,5,-16,8,-26,11,-46,-40,-21,-36,-42,-25,-18,-8,-6,-36,-52,-53,-25,-20,-65,-33,-17,-39
12/08/2009,16,15,0.78125,-29,-50,-56,-91,-56,-26,-17,-54,-49,-51,-62,-55,-20,-6,-35,-47,-44,-51,-31,-25,-7,-11,-8,5,-12,-14,-46,-26,-8,14,-35,-44,-57,-67,-50,-37,-24,-54,-24,-29,-5,-21,-5,17,-26,-5,-38,-32,-14,-36,-45,-32,-26,-12,-8,-35,-46,-50,-31,-21,-60,-29,-15,-27
12/08/2009,16,15,0.7875,-10,-29,-34,-69,-42,-12,-11,-14,-15,-29,-42,-35,-4,7,-4,-16,-23,-34,-16,-11,7,-4,0,14,10,5,-35,-13,-14,41,-40,-31,-46,-55,-35,-24,-10,-40,-7,-12,-30,11,-15,-11,-15,23,-31,-22,-6,-24,-34,-18,-13,3,8,-37,-42,-45,-21,-15,-55,-26,-12,-30
12/08/2009,16,15,0.79375,-20,-36,-44,-72,-47,-12,-2,-42,-25,-40,-49,-49,-2,15,-23,-31,-34,-45,-23,-17,8,-7,-20,-3,-13,-13,-57,-37,-17,15,-61,-50,-71,-80,-59,-46,-19,-42,-52,-13,-61,32,-28,18,-31,17,-48,-41,-31,-39,-49,-26,-19,-3,5,-51,-56,-57,-21,-11,-63,-33,-7,-37
12/08/2009,16,15,0.8,-61,-64,-66,-99,-69,-27,-7,-69,-45,-55,-67,-60,-11,15,-34,-45,-47,-54,-29,-19,6,-43,-26,-6,-58,-56,-69,-41,-8,-19,-76,-68,-82,-89,-68,-56,-27,-33,-63,-17,-52,14,-24,15,-42,-6,-67,-60,-49,-53,-52,-34,-28,-12,-5,-66,-73,-67,-33,-22,-79,-42,-6,-38
12/08/2009,16,15,0.80625,-60,-67,-68,-98,-67,-33,-21,-67,-51,-59,-68,-61,-24,-7,-56,-55,-53,-59,-36,-30,-14,-30,-24,-5,-44,-46,-65,-38,-17,-14,-60,-64,-77,-83,-65,-57,-35,-42,-54,-42,-49,-20,-15,0,-43,-12,-60,-51,-40,-45,-46,-30,-25,-10,-4,-52,-58,-52,-24,-5,-81,-35,9,-17
12/08/2009,16,15,0.8125,-30,-39,-46,-85,-59,-37,-30,-25,-18,-35,-50,-47,-31,-21,-13,-20,-24,-31,-21,-21,-14,-7,-5,12,-6,-8,-48,-31,-11,36,-24,-48,-51,-63,-53,-42,-39,-46,-1,-42,17,4,1,10,12,-2,-6,-8,-1,-13,-21,-14,-16,-5,-6,-24,-27,-35,-18,-8,-62,-23,24,-12
12/08/2009,16,15,0.81875,-5,-31,-33,-73,-52,-44,-42,-11,-3,-25,-39,-51,-37,-26,12,-8,-14,-26,-22,-31,-24,-12,-8,7,-12,-13,-54,-40,-17,35,-35,-60,-59,-71,-62,-53,-54,-53,-7,-41,-16,-17,-7,8,1,-13,-21,-20,-9,-23,-26,-24,-25,-17,-13,-36,-35,-40,-25,-21,-47,-20,24,-12
12/08/2009,16,15,0.825,-33,-52,-49,-77,-52,-46,-45,-51,-25,-37,-40,-51,-44,-27,-10,-26,-25,-30,-23,-32,-25,-2,-8,10,-8,-10,-49,-29,-13,23,-39,-44,-54,-61,-50,-42,-29,-39,-23,-33,-17,-29,2,6,7,3,-18,-7,2,-11,-17,-13,-16,-10,-7,-12,-15,-25,-16,-21,-33,-14,23,-6
12/08/2009,16,15,0.83125,-18,-36,-33,-64,-37,-21,-14,-23,-7,-23,-31,-30,-27,-14,16,-5,-12,-18,-13,-24,-22,20,11,29,22,18,-26,-3,5,57,-6,-18,-31,-40,-27,-13,5,-10,13,-15,22,-3,24,14,20,-4,1,11,18,-4,-13,-19,-25,-24,-27,-5,-10,-31,-34,-37,-25,-11,23,0
12/08/2009,16,15,0.8375,9,-13,-12,-37,-11,5,6,-2,13,-8,-15,-19,-8,-1,22,2,-4,-11,-9,-20,-20,16,15,28,15,14,-23,1,5,51,-12,-11,-30,-33,-18,-7,12,-2,6,-6,15,20,-5,6,-2,-12,-14,-2,7,-16,-23,-27,-31,-29,-32,-24,-24,-42,-43,-43,-36,-18,16,-7
12/08/2009,16,15,0.84375,-14,-26,-18,-38,-15,7,10,-18,-5,-22,-25,-29,-3,11,3,-17,-16,-25,-16,-16,-12,-11,-8,5,-11,-12,-36,-12,-18,17,-41,-17,-42,-39,-24,-15,12,-12,-26,2,-44,34,-2,-12,-6,-6,-21,-12,-2,-22,-29,-20,-21,-12,-11,-27,-31,-37,-21,-16,-45,-18,15,-6
12/08/2009,16,15,0.85,-20,-22,-18,-37,-11,11,14,-38,-18,-25,-30,-23,5,16,-10,-26,-24,-32,-16,-8,-6,27,12,24,22,18,-26,-1,24,38,-10,-16,-30,-30,-21,-9,6,-16,-19,-9,-17,5,8,18,13,-4,-20,-24,-15,-32,-40,-30,-30,-25,-30,-33,-41,-49,-32,-34,-53,-22,6,-17
12/08/2009,16,15,0.85625,-10,-21,-21,-36,-14,-2,-6,-42,-27,-33,-40,-34,-9,-5,-26,-32,-33,-42,-26,-24,-26,8,8,23,7,7,-27,-8,10,42,-18,-18,-31,-29,-22,-16,-6,-35,-13,-29,-8,-24,-9,7,7,-21,-25,-24,-16,-25,-32,-26,-27,-25,-36,-35,-39,-38,-29,-35,-56,-29,-11,-24
12/08/2009,16,15,0.8625,-14,-14,-10,-24,-9,2,1,-32,-14,-16,-24,-26,-4,1,-14,-16,-14,-20,-7,-12,-11,16,19,35,13,12,-4,7,21,49,-17,-5,-15,-13,-7,-2,15,-16,-20,-10,-17,1,-10,6,0,1,-28,-20,-8,-18,-20,-10,-13,-9,-16,-37,-39,-32,-16,-17,-52,-21,-8,-8
12/08/2009,16,15,0.86875,-20,-17,-12,-25,-13,6,10,-35,-11,-14,-21,-24,-5,1,-14,-19,-13,-21,-10,-15,-13,25,21,34,21,20,-7,9,28,41,-12,-11,-20,-18,-12,-3,14,-15,-15,-16,-12,-27,-12,10,-2,-12,-27,-26,-10,-33,-30,-27,-30,-29,-33,-54,-51,-54,-40,-45,-59,-27,-4,-3
12/08/2009,16,15,0.875,-7,-10,-8,-22,-18,-3,-4,-21,-5,-16,-26,-33,-15,-16,-13,-22,-21,-32,-25,-34,-32,25,4,15,22,21,-22,-6,6,37,-16,-15,-26,-28,-23,-14,-3,-34,-7,-28,-8,-21,-16,6,-2,-33,-39,-29,-12,-35,-42,-36,-39,-37,-41,-52,-51,-56,-50,-58,-70,-42,-11,-11
12/08/2009,16,15,0.88125,-6,-16,-16,-34,-29,-11,-10,-20,-8,-24,-34,-41,-14,-5,-10,-21,-23,-37,-26,-32,-18,16,-5,6,18,16,-35,-20,-6,41,-12,-29,-34,-40,-35,-23,-17,-34,-2,-24,-8,5,-3,-26,-8,-19,-45,-28,-15,-34,-42,-30,-30,-24,-20,-54,-54,-54,-39,-36,-76,-51,-20,-21
12/08/2009,16,15,0.8875,-12,-22,-20,-39,-31,-18,-16,-18,-8,-23,-33,-37,-16,-5,-6,-20,-25,-36,-23,-26,-12,-7,-10,3,3,2,-43,-25,-6,26,-22,-36,-43,-42,-37,-30,-24,-31,-21,-32,1,-29,-10,-3,-8,-22,-40,-32,-15,-35,-43,-29,-28,-21,-13,-52,-53,-58,-35,-35,-72,-47,-18,-15
12/08/2009,16,15,0.89375,-25,-35,-33,-45,-34,-26,-29,-25,-25,-35,-42,-50,-29,-25,-26,-38,-36,-41,-32,-33,-23,-7,-21,-5,-12,-13,-49,-29,-12,14,-45,-43,-56,-50,-41,-40,-33,-41,-28,-42,-27,-21,-26,25,-12,-11,-42,-41,-29,-47,-53,-40,-36,-27,-23,-57,-60,-63,-44,-44,-70,-38,-7,-4
12/08/2009,16,15,0.9,-44,-63,-51,-67,-51,-37,-34,-53,-42,-51,-61,-68,-41,-26,-33,-50,-46,-53,-45,-42,-26,-12,-22,1,-16,-16,-51,-30,-23,6,-57,-53,-63,-56,-45,-40,-34,-53,-42,-37,-32,-3,-4,-4,-7,-19,-39,-36,-27,-46,-49,-41,-37,-27,-25,-50,-53,-60,-44,-40,-68,-35,-4,-3
12/08/2009,16,15,0.90625,-44,-49,-34,-56,-34,-26,-25,-46,-22,-27,-36,-47,-28,-14,-14,-24,-23,-31,-25,-27,-14,-2,-6,20,-1,-2,-35,-18,4,13,-32,-38,-46,-39,-32,-30,-29,-59,-34,-34,-25,5,-4,-14,-9,-6,-42,-27,-10,-30,-30,-23,-19,-14,-11,-53,-53,-45,-24,-24,-61,-27,13,5
12/08/2009,16,15,0.9125,-32,-36,-24,-50,-24,-20,-22,-38,-17,-26,-30,-45,-23,-20,-23,-27,-22,-26,-22,-26,-18,-4,-12,11,-2,-3,-41,-25,1,6,-39,-45,-51,-45,-39,-35,-29,-59,-41,-37,-52,-18,-39,-22,-33,-18,-64,-50,-32,-46,-42,-33,-31,-32,-36,-72,-74,-57,-36,-42,-62,-29,20,10
12/08/2009,16,15,0.91875,-60,-64,-46,-62,-41,-24,-28,-78,-51,-54,-52,-59,-36,-33,-55,-58,-49,-49,-43,-46,-36,-7,-16,-3,-16,-17,-50,-30,-15,-14,-62,-55,-67,-60,-48,-41,-27,-48,-59,-40,-44,-8,-44,11,-38,-39,-68,-64,-48,-60,-58,-46,-42,-41,-45,-69,-73,-66,-41,-52,-72,-42,7,-6
12/08/2009,16,15,0.925,-68,-69,-54,-61,-40,-18,-19,-79,-60,-56,-50,-45,-21,-8,-57,-58,-52,-51,-33,-32,-15,1,-7,10,-29,-30,-34,-15,-1,-15,-45,-35,-51,-39,-26,-24,-17,-47,-47,-32,-39,7,-20,24,-23,-18,-54,-49,-39,-46,-48,-32,-25,-18,-21,-64,-70,-65,-34,-49,-79,-50,-2,-21
12/08/2009,16,15,0.93125,-51,-52,-40,-51,-36,-21,-16,-68,-50,-54,-51,-49,-29,-19,-49,-58,-55,-58,-35,-38,-22,-19,-13,11,-31,-30,-36,-18,-3,-10,-45,-46,-50,-43,-33,-30,-32,-44,-58,-37,-39,-34,-36,12,-36,-16,-62,-62,-54,-61,-65,-47,-40,-32,-27,-87,-88,-82,-51,-62,-95,-67,-23,-39
12/08/2009,16,15,0.9375,-52,-52,-42,-53,-42,-32,-38,-55,-48,-55,-58,-47,-29,-20,-45,-57,-56,-56,-35,-34,-15,-8,-17,4,-15,-16,-30,-22,-14,-1,-39,-39,-33,-29,-25,-22,-35,-25,-36,-27,-24,-1,-39,6,-37,2,-63,-50,-35,-43,-44,-30,-20,-15,-14,-73,-70,-61,-36,-53,-97,-70,-33,-36
12/08/2009,16,15,0.94375,-39,-32,-24,-31,-21,-16,-29,-32,-26,-37,-42,-32,-15,-12,-29,-48,-44,-46,-27,-26,-15,-17,-21,-4,-20,-20,-34,-26,-19,-10,-49,-42,-39,-35,-31,-32,-40,-30,-57,-41,-83,-35,-27,3,-53,-21,-84,-65,-54,-63,-66,-54,-46,-42,-47,-95,-93,-89,-61,-72,-100,-72,-41,-30
12/08/2009,16,15,0.95,-55,-50,-33,-46,-36,-31,-32,-70,-49,-51,-51,-50,-32,-27,-62,-63,-56,-58,-37,-39,-25,-13,-13,10,-12,-13,-29,-12,5,0,-34,-40,-33,-31,-24,-21,-14,-12,-41,-16,-28,8,-14,-21,-26,-12,-69,-58,-48,-59,-61,-50,-40,-32,-31,-78,-80,-85,-55,-61,-102,-72,-53,-32
12/08/2009,16,15,0.95625,-29,-31,-16,-34,-20,-14,-8,-43,-31,-32,-34,-37,-13,-5,-32,-41,-36,-40,-24,-24,-8,7,5,25,11,8,-18,0,23,24,-19,-29,-26,-26,-20,-17,-3,-2,-20,-17,-17,-19,-11,29,6,-4,-39,-30,-27,-46,-50,-42,-35,-29,-33,-54,-59,-70,-46,-53,-91,-64,-53,-36
12/08/2009,16,15,0.9625,-31,-37,-31,-58,-48,-39,-27,-39,-27,-45,-54,-55,-36,-25,-13,-38,-43,-51,-41,-41,-29,-24,-20,-1,-22,-22,-50,-30,-25,11,-62,-60,-56,-60,-54,-47,-31,-21,-40,-40,-34,-49,-23,30,-14,-31,-45,-32,-30,-55,-65,-62,-60,-51,-56,-64,-65,-81,-63,-63,-83,-53,-45,-32
12/08/2009,16,15,0.96875,-45,-50,-49,-90,-77,-63,-46,-42,-35,-55,-75,-76,-64,-41,-20,-42,-51,-63,-62,-65,-50,-14,-17,6,-16,-17,-49,-30,-2,6,-55,-62,-50,-54,-53,-44,-36,-15,-30,-38,-19,-26,-30,25,-15,-46,-51,-41,-34,-58,-70,-75,-74,-69,-70,-65,-68,-84,-79,-82,-84,-54,-43,-30
12/08/2009,16,15,0.975,-37,-44,-36,-71,-58,-50,-41,-45,-38,-51,-67,-70,-67,-43,-33,-44,-48,-63,-66,-73,-59,5,-4,16,-6,-6,-31,-12,18,5,-54,-42,-33,-34,-34,-30,-21,2,-31,-19,-23,13,-15,-2,-7,-33,-42,-38,-36,-50,-66,-71,-69,-67,-65,-54,-60,-74,-73,-77,-82,-54,-43,-24
12/08/2009,16,15,0.98125,-33,-41,-32,-60,-45,-35,-27,-42,-38,-50,-63,-63,-59,-34,-27,-44,-51,-63,-65,-72,-56,-14,-3,18,-7,-5,-28,-13,11,11,-46,-43,-34,-35,-31,-28,-20,-10,-37,-24,-39,-5,-13,-14,-15,-43,-56,-52,-51,-60,-73,-74,-73,-73,-71,-81,-80,-86,-77,-73,-88,-60,-43,-32
12/08/2009,16,15,0.9875,-37,-38,-30,-54,-42,-33,-31,-49,-37,-47,-56,-55,-55,-37,-36,-49,-51,-62,-60,-72,-61,-3,-11,13,6,5,-29,-21,3,25,-28,-42,-27,-29,-33,-29,-29,-10,-34,-31,-22,-30,-9,-14,-8,-45,-63,-57,-46,-62,-73,-79,-79,-79,-77,-96,-87,-94,-89,-93,-106,-73,-52,-60
12/08/2009,16,15,0.99375,-23,-32,-24,-50,-48,-43,-48,-46,-39,-52,-62,-62,-69,-65,-47,-60,-63,-76,-79,-89,-83,11,-19,-6,11,10,-41,-36,-18,27,-36,-54,-43,-46,-52,-46,-51,-30,-19,-61,-7,-76,-11,17,-31,-56,-92,-78,-68,-86,-98,-105,-105,-100,-95,-112,-106,-115,-112,-116,-124,-90,-70,-88
12/08/2009,16,15,1,-32,-58,-53,-81,-81,-71,-71,-55,-71,-78,-92,-86,-90,-85,-69,-87,-87,-101,-100,-102,-95,-12,-21,2,-3,-4,-50,-37,-17,15,-60,-67,-57,-61,-61,-52,-54,-41,-26,-70,-45,-80,-33,15,-54,-66,-109,-95,-83,-98,-101,-103,-100,-93,-86,-121,-115,-110,-98,-93,-135,-94,-68,-89
